{
    "high_scores": [
        {
            "player": "Player1",
            "score": 100,
            "time": 18.523747205734253
        },
        {
            "player": "Player1",
            "score": 100,
            "time": 65.4687249660492
        },
        {
            "player": "Player1",
            "score": 100,
            "time": 65.46998906135559
        }
    ]
}